,Lidar
0,D:/carla-0.8.4/PythonClient/_out/pos7_/randomness_0.1/lidar/driving_data
1,D:/carla-0.8.4/PythonClient/_out/pos7_/randomness_0.1/lidar/lidar2dimg
2,D:/carla-0.8.4/PythonClient/_out/pos7_/randomness_0.1/lidar/point_cloud_00000
3,D:/carla-0.8.4/PythonClient/_out/pos7_/randomness_0.1/lidar/point_cloud_00001
4,D:/carla-0.8.4/PythonClient/_out/pos7_/randomness_0.1/lidar/point_cloud_00002
5,D:/carla-0.8.4/PythonClient/_out/pos7_/randomness_0.1/lidar/point_cloud_00003
6,D:/carla-0.8.4/PythonClient/_out/pos7_/randomness_0.1/lidar/point_cloud_00004
7,D:/carla-0.8.4/PythonClient/_out/pos7_/randomness_0.1/lidar/point_cloud_00005
8,D:/carla-0.8.4/PythonClient/_out/pos7_/randomness_0.1/lidar/point_cloud_00006
9,D:/carla-0.8.4/PythonClient/_out/pos7_/randomness_0.1/lidar/point_cloud_00007
10,D:/carla-0.8.4/PythonClient/_out/pos7_/randomness_0.1/lidar/point_cloud_00008
11,D:/carla-0.8.4/PythonClient/_out/pos7_/randomness_0.1/lidar/point_cloud_00009
12,D:/carla-0.8.4/PythonClient/_out/pos7_/randomness_0.1/lidar/point_cloud_00010
13,D:/carla-0.8.4/PythonClient/_out/pos7_/randomness_0.1/lidar/point_cloud_00011
14,D:/carla-0.8.4/PythonClient/_out/pos7_/randomness_0.1/lidar/point_cloud_00012
15,D:/carla-0.8.4/PythonClient/_out/pos7_/randomness_0.1/lidar/point_cloud_00013
16,D:/carla-0.8.4/PythonClient/_out/pos7_/randomness_0.1/lidar/point_cloud_00014
17,D:/carla-0.8.4/PythonClient/_out/pos7_/randomness_0.1/lidar/point_cloud_00015
18,D:/carla-0.8.4/PythonClient/_out/pos7_/randomness_0.1/lidar/point_cloud_00016
19,D:/carla-0.8.4/PythonClient/_out/pos7_/randomness_0.1/lidar/point_cloud_00017
20,D:/carla-0.8.4/PythonClient/_out/pos7_/randomness_0.1/lidar/point_cloud_00018
21,D:/carla-0.8.4/PythonClient/_out/pos7_/randomness_0.1/lidar/point_cloud_00019
22,D:/carla-0.8.4/PythonClient/_out/pos7_/randomness_0.1/lidar/point_cloud_00020
23,D:/carla-0.8.4/PythonClient/_out/pos7_/randomness_0.1/lidar/point_cloud_00021
24,D:/carla-0.8.4/PythonClient/_out/pos7_/randomness_0.1/lidar/point_cloud_00022
25,D:/carla-0.8.4/PythonClient/_out/pos7_/randomness_0.1/lidar/point_cloud_00023
26,D:/carla-0.8.4/PythonClient/_out/pos7_/randomness_0.1/lidar/point_cloud_00024
27,D:/carla-0.8.4/PythonClient/_out/pos7_/randomness_0.1/lidar/point_cloud_00025
28,D:/carla-0.8.4/PythonClient/_out/pos7_/randomness_0.1/lidar/point_cloud_00026
29,D:/carla-0.8.4/PythonClient/_out/pos7_/randomness_0.1/lidar/point_cloud_00027
30,D:/carla-0.8.4/PythonClient/_out/pos7_/randomness_0.1/lidar/point_cloud_00028
31,D:/carla-0.8.4/PythonClient/_out/pos7_/randomness_0.1/lidar/point_cloud_00029
32,D:/carla-0.8.4/PythonClient/_out/pos7_/randomness_0.1/lidar/point_cloud_00030
33,D:/carla-0.8.4/PythonClient/_out/pos7_/randomness_0.1/lidar/point_cloud_00031
34,D:/carla-0.8.4/PythonClient/_out/pos7_/randomness_0.1/lidar/point_cloud_00032
35,D:/carla-0.8.4/PythonClient/_out/pos7_/randomness_0.1/lidar/point_cloud_00033
36,D:/carla-0.8.4/PythonClient/_out/pos7_/randomness_0.1/lidar/point_cloud_00034
37,D:/carla-0.8.4/PythonClient/_out/pos7_/randomness_0.1/lidar/point_cloud_00035
38,D:/carla-0.8.4/PythonClient/_out/pos7_/randomness_0.1/lidar/point_cloud_00036
39,D:/carla-0.8.4/PythonClient/_out/pos7_/randomness_0.1/lidar/point_cloud_00037
40,D:/carla-0.8.4/PythonClient/_out/pos7_/randomness_0.1/lidar/point_cloud_00038
41,D:/carla-0.8.4/PythonClient/_out/pos7_/randomness_0.1/lidar/point_cloud_00039
42,D:/carla-0.8.4/PythonClient/_out/pos7_/randomness_0.1/lidar/point_cloud_00040
43,D:/carla-0.8.4/PythonClient/_out/pos7_/randomness_0.1/lidar/point_cloud_00041
44,D:/carla-0.8.4/PythonClient/_out/pos7_/randomness_0.1/lidar/point_cloud_00042
45,D:/carla-0.8.4/PythonClient/_out/pos7_/randomness_0.1/lidar/point_cloud_00043
46,D:/carla-0.8.4/PythonClient/_out/pos7_/randomness_0.1/lidar/point_cloud_00044
47,D:/carla-0.8.4/PythonClient/_out/pos7_/randomness_0.1/lidar/point_cloud_00045
48,D:/carla-0.8.4/PythonClient/_out/pos7_/randomness_0.1/lidar/point_cloud_00046
49,D:/carla-0.8.4/PythonClient/_out/pos7_/randomness_0.1/lidar/point_cloud_00047
50,D:/carla-0.8.4/PythonClient/_out/pos7_/randomness_0.1/lidar/point_cloud_00048
51,D:/carla-0.8.4/PythonClient/_out/pos7_/randomness_0.1/lidar/point_cloud_00049
52,D:/carla-0.8.4/PythonClient/_out/pos7_/randomness_0.1/lidar/point_cloud_00050
53,D:/carla-0.8.4/PythonClient/_out/pos7_/randomness_0.1/lidar/point_cloud_00051
54,D:/carla-0.8.4/PythonClient/_out/pos7_/randomness_0.1/lidar/point_cloud_00052
55,D:/carla-0.8.4/PythonClient/_out/pos7_/randomness_0.1/lidar/point_cloud_00053
56,D:/carla-0.8.4/PythonClient/_out/pos7_/randomness_0.1/lidar/point_cloud_00054
57,D:/carla-0.8.4/PythonClient/_out/pos7_/randomness_0.1/lidar/point_cloud_00055
58,D:/carla-0.8.4/PythonClient/_out/pos7_/randomness_0.1/lidar/point_cloud_00056
59,D:/carla-0.8.4/PythonClient/_out/pos7_/randomness_0.1/lidar/point_cloud_00057
60,D:/carla-0.8.4/PythonClient/_out/pos7_/randomness_0.1/lidar/point_cloud_00058
61,D:/carla-0.8.4/PythonClient/_out/pos7_/randomness_0.1/lidar/point_cloud_00059
62,D:/carla-0.8.4/PythonClient/_out/pos7_/randomness_0.1/lidar/point_cloud_00060
63,D:/carla-0.8.4/PythonClient/_out/pos7_/randomness_0.1/lidar/point_cloud_00061
64,D:/carla-0.8.4/PythonClient/_out/pos7_/randomness_0.1/lidar/point_cloud_00062
65,D:/carla-0.8.4/PythonClient/_out/pos7_/randomness_0.1/lidar/point_cloud_00063
66,D:/carla-0.8.4/PythonClient/_out/pos7_/randomness_0.1/lidar/point_cloud_00064
67,D:/carla-0.8.4/PythonClient/_out/pos7_/randomness_0.1/lidar/point_cloud_00065
68,D:/carla-0.8.4/PythonClient/_out/pos7_/randomness_0.1/lidar/point_cloud_00066
69,D:/carla-0.8.4/PythonClient/_out/pos7_/randomness_0.1/lidar/point_cloud_00067
70,D:/carla-0.8.4/PythonClient/_out/pos7_/randomness_0.1/lidar/point_cloud_00068
71,D:/carla-0.8.4/PythonClient/_out/pos7_/randomness_0.1/lidar/point_cloud_00069
72,D:/carla-0.8.4/PythonClient/_out/pos7_/randomness_0.1/lidar/point_cloud_00070
73,D:/carla-0.8.4/PythonClient/_out/pos7_/randomness_0.1/lidar/point_cloud_00071
74,D:/carla-0.8.4/PythonClient/_out/pos7_/randomness_0.1/lidar/point_cloud_00072
75,D:/carla-0.8.4/PythonClient/_out/pos7_/randomness_0.1/lidar/point_cloud_00073
76,D:/carla-0.8.4/PythonClient/_out/pos7_/randomness_0.1/lidar/point_cloud_00074
77,D:/carla-0.8.4/PythonClient/_out/pos7_/randomness_0.1/lidar/point_cloud_00075
78,D:/carla-0.8.4/PythonClient/_out/pos7_/randomness_0.1/lidar/point_cloud_00076
79,D:/carla-0.8.4/PythonClient/_out/pos7_/randomness_0.1/lidar/point_cloud_00077
80,D:/carla-0.8.4/PythonClient/_out/pos7_/randomness_0.1/lidar/point_cloud_00078
81,D:/carla-0.8.4/PythonClient/_out/pos7_/randomness_0.1/lidar/point_cloud_00079
82,D:/carla-0.8.4/PythonClient/_out/pos7_/randomness_0.1/lidar/point_cloud_00080
83,D:/carla-0.8.4/PythonClient/_out/pos7_/randomness_0.1/lidar/point_cloud_00081
84,D:/carla-0.8.4/PythonClient/_out/pos7_/randomness_0.1/lidar/point_cloud_00082
85,D:/carla-0.8.4/PythonClient/_out/pos7_/randomness_0.1/lidar/point_cloud_00083
86,D:/carla-0.8.4/PythonClient/_out/pos7_/randomness_0.1/lidar/point_cloud_00084
87,D:/carla-0.8.4/PythonClient/_out/pos7_/randomness_0.1/lidar/point_cloud_00085
88,D:/carla-0.8.4/PythonClient/_out/pos7_/randomness_0.1/lidar/point_cloud_00086
89,D:/carla-0.8.4/PythonClient/_out/pos7_/randomness_0.1/lidar/point_cloud_00087
90,D:/carla-0.8.4/PythonClient/_out/pos7_/randomness_0.1/lidar/point_cloud_00088
91,D:/carla-0.8.4/PythonClient/_out/pos7_/randomness_0.1/lidar/point_cloud_00089
92,D:/carla-0.8.4/PythonClient/_out/pos7_/randomness_0.1/lidar/point_cloud_00090
93,D:/carla-0.8.4/PythonClient/_out/pos7_/randomness_0.1/lidar/point_cloud_00091
94,D:/carla-0.8.4/PythonClient/_out/pos7_/randomness_0.1/lidar/point_cloud_00092
95,D:/carla-0.8.4/PythonClient/_out/pos7_/randomness_0.1/lidar/point_cloud_00093
96,D:/carla-0.8.4/PythonClient/_out/pos7_/randomness_0.1/lidar/point_cloud_00094
97,D:/carla-0.8.4/PythonClient/_out/pos7_/randomness_0.1/lidar/point_cloud_00095
98,D:/carla-0.8.4/PythonClient/_out/pos7_/randomness_0.1/lidar/point_cloud_00096
99,D:/carla-0.8.4/PythonClient/_out/pos7_/randomness_0.1/lidar/point_cloud_00097
100,D:/carla-0.8.4/PythonClient/_out/pos7_/randomness_0.1/lidar/point_cloud_00098
101,D:/carla-0.8.4/PythonClient/_out/pos7_/randomness_0.1/lidar/point_cloud_00099
102,D:/carla-0.8.4/PythonClient/_out/pos7_/randomness_0.1/lidar/point_cloud_00100
103,D:/carla-0.8.4/PythonClient/_out/pos7_/randomness_0.1/lidar/point_cloud_00101
104,D:/carla-0.8.4/PythonClient/_out/pos7_/randomness_0.1/lidar/point_cloud_00102
105,D:/carla-0.8.4/PythonClient/_out/pos7_/randomness_0.1/lidar/point_cloud_00103
106,D:/carla-0.8.4/PythonClient/_out/pos7_/randomness_0.1/lidar/point_cloud_00104
107,D:/carla-0.8.4/PythonClient/_out/pos7_/randomness_0.1/lidar/point_cloud_00105
108,D:/carla-0.8.4/PythonClient/_out/pos7_/randomness_0.1/lidar/point_cloud_00106
109,D:/carla-0.8.4/PythonClient/_out/pos7_/randomness_0.1/lidar/point_cloud_00107
110,D:/carla-0.8.4/PythonClient/_out/pos7_/randomness_0.1/lidar/point_cloud_00108
111,D:/carla-0.8.4/PythonClient/_out/pos7_/randomness_0.1/lidar/point_cloud_00109
112,D:/carla-0.8.4/PythonClient/_out/pos7_/randomness_0.1/lidar/point_cloud_00110
113,D:/carla-0.8.4/PythonClient/_out/pos7_/randomness_0.1/lidar/point_cloud_00111
114,D:/carla-0.8.4/PythonClient/_out/pos7_/randomness_0.1/lidar/point_cloud_00112
115,D:/carla-0.8.4/PythonClient/_out/pos7_/randomness_0.1/lidar/point_cloud_00113
116,D:/carla-0.8.4/PythonClient/_out/pos7_/randomness_0.1/lidar/point_cloud_00114
117,D:/carla-0.8.4/PythonClient/_out/pos7_/randomness_0.1/lidar/point_cloud_00115
118,D:/carla-0.8.4/PythonClient/_out/pos7_/randomness_0.1/lidar/point_cloud_00116
119,D:/carla-0.8.4/PythonClient/_out/pos7_/randomness_0.1/lidar/point_cloud_00117
120,D:/carla-0.8.4/PythonClient/_out/pos7_/randomness_0.1/lidar/point_cloud_00118
121,D:/carla-0.8.4/PythonClient/_out/pos7_/randomness_0.1/lidar/point_cloud_00119
122,D:/carla-0.8.4/PythonClient/_out/pos7_/randomness_0.1/lidar/point_cloud_00120
123,D:/carla-0.8.4/PythonClient/_out/pos7_/randomness_0.1/lidar/point_cloud_00121
124,D:/carla-0.8.4/PythonClient/_out/pos7_/randomness_0.1/lidar/point_cloud_00122
125,D:/carla-0.8.4/PythonClient/_out/pos7_/randomness_0.1/lidar/point_cloud_00123
126,D:/carla-0.8.4/PythonClient/_out/pos7_/randomness_0.1/lidar/point_cloud_00124
127,D:/carla-0.8.4/PythonClient/_out/pos7_/randomness_0.1/lidar/point_cloud_00125
128,D:/carla-0.8.4/PythonClient/_out/pos7_/randomness_0.1/lidar/point_cloud_00126
129,D:/carla-0.8.4/PythonClient/_out/pos7_/randomness_0.1/lidar/point_cloud_00127
130,D:/carla-0.8.4/PythonClient/_out/pos7_/randomness_0.1/lidar/point_cloud_00128
131,D:/carla-0.8.4/PythonClient/_out/pos7_/randomness_0.1/lidar/point_cloud_00129
132,D:/carla-0.8.4/PythonClient/_out/pos7_/randomness_0.1/lidar/point_cloud_00130
133,D:/carla-0.8.4/PythonClient/_out/pos7_/randomness_0.1/lidar/point_cloud_00131
134,D:/carla-0.8.4/PythonClient/_out/pos7_/randomness_0.1/lidar/point_cloud_00132
135,D:/carla-0.8.4/PythonClient/_out/pos7_/randomness_0.1/lidar/point_cloud_00133
136,D:/carla-0.8.4/PythonClient/_out/pos7_/randomness_0.1/lidar/point_cloud_00134
137,D:/carla-0.8.4/PythonClient/_out/pos7_/randomness_0.1/lidar/point_cloud_00135
138,D:/carla-0.8.4/PythonClient/_out/pos7_/randomness_0.1/lidar/point_cloud_00136
139,D:/carla-0.8.4/PythonClient/_out/pos7_/randomness_0.1/lidar/point_cloud_00137
140,D:/carla-0.8.4/PythonClient/_out/pos7_/randomness_0.1/lidar/point_cloud_00138
141,D:/carla-0.8.4/PythonClient/_out/pos7_/randomness_0.1/lidar/point_cloud_00139
142,D:/carla-0.8.4/PythonClient/_out/pos7_/randomness_0.1/lidar/point_cloud_00140
143,D:/carla-0.8.4/PythonClient/_out/pos7_/randomness_0.1/lidar/point_cloud_00141
144,D:/carla-0.8.4/PythonClient/_out/pos7_/randomness_0.1/lidar/point_cloud_00142
145,D:/carla-0.8.4/PythonClient/_out/pos7_/randomness_0.1/lidar/point_cloud_00143
146,D:/carla-0.8.4/PythonClient/_out/pos7_/randomness_0.1/lidar/point_cloud_00144
147,D:/carla-0.8.4/PythonClient/_out/pos7_/randomness_0.1/lidar/point_cloud_00145
148,D:/carla-0.8.4/PythonClient/_out/pos7_/randomness_0.1/lidar/point_cloud_00146
149,D:/carla-0.8.4/PythonClient/_out/pos7_/randomness_0.1/lidar/point_cloud_00147
150,D:/carla-0.8.4/PythonClient/_out/pos7_/randomness_0.1/lidar/point_cloud_00148
151,D:/carla-0.8.4/PythonClient/_out/pos7_/randomness_0.1/lidar/point_cloud_00149
152,D:/carla-0.8.4/PythonClient/_out/pos7_/randomness_0.1/lidar/point_cloud_00150
153,D:/carla-0.8.4/PythonClient/_out/pos7_/randomness_0.1/lidar/point_cloud_00151
154,D:/carla-0.8.4/PythonClient/_out/pos7_/randomness_0.1/lidar/point_cloud_00152
155,D:/carla-0.8.4/PythonClient/_out/pos7_/randomness_0.1/lidar/point_cloud_00153
156,D:/carla-0.8.4/PythonClient/_out/pos7_/randomness_0.1/lidar/point_cloud_00154
157,D:/carla-0.8.4/PythonClient/_out/pos7_/randomness_0.1/lidar/point_cloud_00155
158,D:/carla-0.8.4/PythonClient/_out/pos7_/randomness_0.1/lidar/point_cloud_00156
159,D:/carla-0.8.4/PythonClient/_out/pos7_/randomness_0.1/lidar/point_cloud_00157
160,D:/carla-0.8.4/PythonClient/_out/pos7_/randomness_0.1/lidar/point_cloud_00158
161,D:/carla-0.8.4/PythonClient/_out/pos7_/randomness_0.1/lidar/point_cloud_00159
162,D:/carla-0.8.4/PythonClient/_out/pos7_/randomness_0.1/lidar/point_cloud_00160
163,D:/carla-0.8.4/PythonClient/_out/pos7_/randomness_0.1/lidar/point_cloud_00161
164,D:/carla-0.8.4/PythonClient/_out/pos7_/randomness_0.1/lidar/point_cloud_00162
165,D:/carla-0.8.4/PythonClient/_out/pos7_/randomness_0.1/lidar/point_cloud_00163
166,D:/carla-0.8.4/PythonClient/_out/pos7_/randomness_0.1/lidar/point_cloud_00164
167,D:/carla-0.8.4/PythonClient/_out/pos7_/randomness_0.1/lidar/point_cloud_00165
168,D:/carla-0.8.4/PythonClient/_out/pos7_/randomness_0.1/lidar/point_cloud_00166
169,D:/carla-0.8.4/PythonClient/_out/pos7_/randomness_0.1/lidar/point_cloud_00167
170,D:/carla-0.8.4/PythonClient/_out/pos7_/randomness_0.1/lidar/point_cloud_00168
171,D:/carla-0.8.4/PythonClient/_out/pos7_/randomness_0.1/lidar/point_cloud_00169
172,D:/carla-0.8.4/PythonClient/_out/pos7_/randomness_0.1/lidar/point_cloud_00170
173,D:/carla-0.8.4/PythonClient/_out/pos7_/randomness_0.1/lidar/point_cloud_00171
174,D:/carla-0.8.4/PythonClient/_out/pos7_/randomness_0.1/lidar/point_cloud_00172
175,D:/carla-0.8.4/PythonClient/_out/pos7_/randomness_0.1/lidar/point_cloud_00173
176,D:/carla-0.8.4/PythonClient/_out/pos7_/randomness_0.1/lidar/point_cloud_00174
177,D:/carla-0.8.4/PythonClient/_out/pos7_/randomness_0.1/lidar/point_cloud_00175
178,D:/carla-0.8.4/PythonClient/_out/pos7_/randomness_0.1/lidar/point_cloud_00176
179,D:/carla-0.8.4/PythonClient/_out/pos7_/randomness_0.1/lidar/point_cloud_00177
180,D:/carla-0.8.4/PythonClient/_out/pos7_/randomness_0.1/lidar/point_cloud_00178
181,D:/carla-0.8.4/PythonClient/_out/pos7_/randomness_0.1/lidar/point_cloud_00179
182,D:/carla-0.8.4/PythonClient/_out/pos7_/randomness_0.1/lidar/point_cloud_00180
183,D:/carla-0.8.4/PythonClient/_out/pos7_/randomness_0.1/lidar/point_cloud_00181
184,D:/carla-0.8.4/PythonClient/_out/pos7_/randomness_0.1/lidar/point_cloud_00182
185,D:/carla-0.8.4/PythonClient/_out/pos7_/randomness_0.1/lidar/point_cloud_00183
186,D:/carla-0.8.4/PythonClient/_out/pos7_/randomness_0.1/lidar/point_cloud_00184
187,D:/carla-0.8.4/PythonClient/_out/pos7_/randomness_0.1/lidar/point_cloud_00185
188,D:/carla-0.8.4/PythonClient/_out/pos7_/randomness_0.1/lidar/point_cloud_00186
189,D:/carla-0.8.4/PythonClient/_out/pos7_/randomness_0.1/lidar/point_cloud_00187
190,D:/carla-0.8.4/PythonClient/_out/pos7_/randomness_0.1/lidar/point_cloud_00188
191,D:/carla-0.8.4/PythonClient/_out/pos7_/randomness_0.1/lidar/point_cloud_00189
192,D:/carla-0.8.4/PythonClient/_out/pos7_/randomness_0.1/lidar/point_cloud_00190
193,D:/carla-0.8.4/PythonClient/_out/pos7_/randomness_0.1/lidar/point_cloud_00191
194,D:/carla-0.8.4/PythonClient/_out/pos7_/randomness_0.1/lidar/point_cloud_00192
195,D:/carla-0.8.4/PythonClient/_out/pos7_/randomness_0.1/lidar/point_cloud_00193
196,D:/carla-0.8.4/PythonClient/_out/pos7_/randomness_0.1/lidar/point_cloud_00194
197,D:/carla-0.8.4/PythonClient/_out/pos7_/randomness_0.1/lidar/point_cloud_00195
198,D:/carla-0.8.4/PythonClient/_out/pos7_/randomness_0.1/lidar/point_cloud_00196
199,D:/carla-0.8.4/PythonClient/_out/pos7_/randomness_0.1/lidar/point_cloud_00197
200,D:/carla-0.8.4/PythonClient/_out/pos7_/randomness_0.1/lidar/point_cloud_00198
201,D:/carla-0.8.4/PythonClient/_out/pos7_/randomness_0.1/lidar/point_cloud_00199
